dataset,n,index,params,build_s,lookup_us,lookup_us_std,size_mb,mean_abs_err,max_abs_err,avg_window,correct
uniform,100000,BTree,,0.0752329999995709,1.336654444417541,0.3145345178007887,2.393641,0.0,0.0,,True
uniform,100000,BinarySearch,,0.004651499999454245,0.4900511111676072,0.014867358315998714,0.0,0.0,0.0,,True
uniform,100000,LearnedLinear,1 model,0.003643000000010943,1.2177977777658573,0.4949944479952891,4e-05,86.90898,276.0,525.0,True
uniform,100000,RMI,10 models,0.005956299999525072,1.1189355555769807,0.006048603919260162,0.00028,22.73137,113.0,133.48224,True
uniform,100000,RMI,100 models,0.007663500000489876,1.2705055554963314,0.0656859390994154,0.00244,6.41844,37.0,37.7367,True
uniform,100000,RMI,1000 models,0.007457400002749637,1.1775499999607242,0.14206522486525783,0.02404,2.03001,16.0,11.4215,True
uniform,100000,RMI,10000 models,0.006943100001080893,1.0220633333018567,0.05195640446032886,0.24004,0.70566,6.0,3.40881,True
uniform,100000,RMI-batch,1000 models,,0.10019222225107823,0.05975609564959238,0.02404,,,,True
uniform,100000,searchsorted-batch,,,0.10939666665055685,0.014761084188319562,0.0,,,,True
uniform,1000000,BTree,,0.39575669999976526,1.7528355556148905,0.02565322659258032,23.936418,0.0,0.0,,True
uniform,1000000,BinarySearch,,0.055893600001581945,1.01614777781328,0.1099391179206165,0.0,0.0,0.0,,True
uniform,1000000,LearnedLinear,1 model,0.048260100000334205,0.9151733333662074,0.026143125049390554,4e-05,176.241227,729.0,1283.0,True
uniform,1000000,RMI,10 models,0.08487849999801256,1.2945355555631168,0.02886546901485793,0.00028,62.570083,418.0,374.597497,True
uniform,1000000,RMI,100 models,0.08763370000087889,1.3105255555678417,0.07394384477411745,0.00244,20.467054,125.0,119.269687,True
uniform,1000000,RMI,1000 models,0.0858946999978798,1.1562233333582603,0.01148307966115866,0.02404,6.359602,44.0,37.067002,True
uniform,1000000,RMI,10000 models,0.0862472999979218,1.1467322222112368,0.0166571809423306,0.24004,2.056694,16.0,11.589792,True
uniform,1000000,RMI-batch,1000 models,,0.3021022222431687,0.3084030699851903,0.02404,,,,True
uniform,1000000,searchsorted-batch,,,0.1404855555140077,0.012452824825577656,0.0,,,,True
lognormal,100000,BTree,,0.048475699997652555,0.5812277777295094,0.04515539444144844,2.393641,0.0,0.0,,True
lognormal,100000,BinarySearch,,0.0028749000011885073,0.3122388888489998,0.03440621416057343,0.0,0.0,0.0,,True
lognormal,100000,LearnedLinear,1 model,0.0038444999991043005,0.6649077777789595,0.06194930118678246,4e-05,24475.53559,1076337.0,1120276.0,True
lognormal,100000,RMI,10 models,0.005124999999679858,1.1860811110737914,0.0730303156085312,0.00028,9468.61166,32263.0,41330.48101,True
lognormal,100000,RMI,100 models,0.005315300000802381,1.1866833333139464,0.06575917076273013,0.00244,9193.82871,32263.0,39845.97151,True
lognormal,100000,RMI,1000 models,0.005418799999461044,1.1040000000422072,0.07423388089634948,0.02404,1109.74724,5822.0,4296.70998,True
lognormal,100000,RMI,10000 models,0.005520400001842063,1.0264944444012751,0.060777145184978065,0.24004,39.36601,380.0,171.16745,True
lognormal,100000,RMI-batch,1000 models,,0.14629222221426766,0.03816954712126286,0.02404,,,,True
lognormal,100000,searchsorted-batch,,,0.08939888882903485,0.001351943265739937,0.0,,,,True
lognormal,1000000,BTree,,0.347538900001382,1.2423288889193727,0.009319396484831918,23.936418,0.0,0.0,,True
lognormal,1000000,BinarySearch,,0.044937800001207506,0.8971633333001389,0.09804963834369715,0.0,0.0,0.0,,True
lognormal,1000000,LearnedLinear,1 model,0.04686520000177552,1.417878888929004,0.025862347350138353,4e-05,242757.915509,15684302.0,16111787.0,True
lognormal,1000000,RMI,10 models,0.08646719999887864,2.1532900000036332,0.024813140039722445,0.00028,93698.634631,319963.0,406248.431096,True
lognormal,1000000,RMI,100 models,0.0825862000019697,2.0232822222573708,0.08001552870875835,0.00244,91188.267665,319963.0,393671.447138,True
lognormal,1000000,RMI,1000 models,0.08811150000110501,1.6662455555585136,0.04817215072999765,0.02404,4829.896503,26501.0,19093.443659,True
lognormal,1000000,RMI,10000 models,0.08474399999977322,1.340176666619502,0.02899290989275251,0.24004,240.10902,3291.0,1030.364634,True
lognormal,1000000,RMI-batch,1000 models,,0.3567855556159177,0.2846917437579035,0.02404,,,,True
lognormal,1000000,searchsorted-batch,,,0.12721222224677656,0.009329055542243043,0.0,,,,True
clustered,100000,BTree,,0.046084800000244286,0.560658888894573,0.07883409446279284,2.393641,0.0,0.0,,True
clustered,100000,BinarySearch,,0.0027931000004173256,0.3156833333276962,0.016429284370717428,0.0,0.0,0.0,,True
clustered,100000,LearnedLinear,1 model,0.0030985999983386137,0.6190077777622113,0.08408232438313805,4e-05,4614.68452,12759.0,25323.0,True
clustered,100000,RMI,10 models,0.005203600001550512,1.1248833333714476,0.04101798447087186,0.00028,1503.65413,4994.0,7773.15,True
clustered,100000,RMI,100 models,0.005187400001886999,1.140838888871561,0.05945075479651152,0.00244,636.09897,3195.0,5182.9,True
clustered,100000,RMI,1000 models,0.005524799998966046,1.132481111077747,0.047113267977501136,0.02404,331.79703,3824.0,5284.09772,True
clustered,100000,RMI,10000 models,0.005478500002936926,1.1459877777168812,0.032425504649601554,0.24004,228.90316,4085.0,5149.66489,True
clustered,100000,RMI-batch,1000 models,,0.16722666668000682,0.06629648607042306,0.02404,,,,True
clustered,100000,searchsorted-batch,,,0.09483666666104303,0.0029936042592272477,0.0,,,,True
clustered,1000000,BTree,,0.33341550000113784,1.2078122222495342,0.02214883560903491,23.936418,0.0,0.0,,True
clustered,1000000,BinarySearch,,0.04092849999869941,0.846309999946647,0.11267504969631946,0.0,0.0,0.0,,True
clustered,1000000,LearnedLinear,1 model,0.04367640000054962,1.0430344444305069,0.04117647113276276,4e-05,46147.690321,127588.0,253229.0,True
clustered,1000000,RMI,10 models,0.08756849999917904,1.5393800000310875,0.005082148120918208,0.00028,15045.294034,49953.0,79006.6,True
clustered,1000000,RMI,100 models,0.08325699999841163,1.7725311111361304,0.047226647330741445,0.00244,6373.934054,41258.0,62373.9,True
clustered,1000000,RMI,1000 models,0.08235979999881238,1.882120000017393,0.07831340177193147,0.02404,3327.028534,41258.0,68189.35,True
clustered,1000000,RMI,10000 models,0.08535679999840795,1.9331622222428753,0.055747727091965564,0.24004,2302.135528,41258.0,67087.997664,True
clustered,1000000,RMI-batch,1000 models,,0.37200222221953383,0.28531822981645516,0.02404,,,,True
clustered,1000000,searchsorted-batch,,,0.13979555551486555,0.006750645675803244,0.0,,,,True
